Country Name,Country Code,Year,Outbound
Albania,ALB,2018,5117527.272727311
Albania,ALB,2019,5300190.909090936
Albania,ALB,2020,5482854.545454562
Albania,ALB,2021,5665518.181818187
Albania,ALB,2022,5848181.818181813
Albania,ALB,2023,6030845.454545438
Albania,ALB,2024,6213509.090909123
Albania,ALB,2025,6396172.727272749
Albania,ALB,2026,6578836.3636363745
Albania,ALB,2027,6761500.0
Albania,ALB,2028,6944163.6363636255
Algeria,DZA,2018,4657745.454545379
Algeria,DZA,2019,5005263.6363636255
Algeria,DZA,2020,5352781.818181753
Algeria,DZA,2021,5700300.0
Algeria,DZA,2022,6047818.181818128
Algeria,DZA,2023,6395336.3636363745
Algeria,DZA,2024,6742854.545454502
Algeria,DZA,2025,7090372.727272749
Algeria,DZA,2026,7437890.909090877
Algeria,DZA,2027,7785409.090909004
Algeria,DZA,2028,8132927.272727251
Argentina,ARG,2018,11058145.454545736
Argentina,ARG,2019,11737609.090909243
Argentina,ARG,2020,12417072.727272987
Argentina,ARG,2021,13096536.363636494
Argentina,ARG,2022,13776000.000000238
Argentina,ARG,2023,14455463.636363745
Argentina,ARG,2024,15134927.27272749
Argentina,ARG,2025,15814390.909090996
Argentina,ARG,2026,16493854.54545474
Argentina,ARG,2027,17173318.181818485
Argentina,ARG,2028,17852781.81818199
Armenia,ARM,2018,1543036.3636363745
Armenia,ARM,2019,1649209.0909090936
Armenia,ARM,2020,1755381.8181818128
Armenia,ARM,2021,1861554.5454545617
Armenia,ARM,2022,1967727.2727272809
Armenia,ARM,2023,2073900.0
Armenia,ARM,2024,2180072.727272719
Armenia,ARM,2025,2286245.454545468
Armenia,ARM,2026,2392418.1818181872
Armenia,ARM,2027,2498590.9090909064
Armenia,ARM,2028,2604763.6363636553
Australia,AUS,2018,11604490.909090996
Australia,AUS,2019,12170390.909090996
Australia,AUS,2020,12736290.909090996
Australia,AUS,2021,13302190.909090996
Australia,AUS,2022,13868090.909090996
Australia,AUS,2023,14433990.909090996
Australia,AUS,2024,14999890.909090996
Australia,AUS,2025,15565790.909090996
Australia,AUS,2026,16131690.909090996
Australia,AUS,2027,16697590.909090996
Australia,AUS,2028,17263490.909090996
Austria,AUT,2018,11612272.72727269
Austria,AUT,2019,11794499.99999994
Austria,AUT,2020,11976727.272727251
Austria,AUT,2021,12158954.545454502
Austria,AUT,2022,12341181.818181753
Austria,AUT,2023,12523409.090909064
Austria,AUT,2024,12705636.363636315
Austria,AUT,2025,12887863.636363626
Austria,AUT,2026,13070090.909090877
Austria,AUT,2027,13252318.181818128
Austria,AUT,2028,13434545.454545438
Azerbaijan,AZE,2018,5012363.636363685
Azerbaijan,AZE,2019,5275454.545454562
Azerbaijan,AZE,2020,5538545.454545498
Azerbaijan,AZE,2021,5801636.3636363745
Azerbaijan,AZE,2022,6064727.272727311
Azerbaijan,AZE,2023,6327818.181818187
Azerbaijan,AZE,2024,6590909.090909123
Azerbaijan,AZE,2025,6854000.0
Azerbaijan,AZE,2026,7117090.909090936
Azerbaijan,AZE,2027,7380181.818181872
Azerbaijan,AZE,2028,7643272.727272749
Bahrain,BHR,2018,4741000.0
Bahrain,BHR,2019,4741000.0
Bahrain,BHR,2020,4741000.0
Bahrain,BHR,2021,4741000.0
Bahrain,BHR,2022,4741000.0
Bahrain,BHR,2023,4741000.0
Bahrain,BHR,2024,4741000.0
Bahrain,BHR,2025,4741000.0
Bahrain,BHR,2026,4741000.0
Bahrain,BHR,2027,4741000.0
Bahrain,BHR,2028,4741000.0
Bangladesh,BGD,2018,1909285.7142857136
Bangladesh,BGD,2019,1911714.2857142854
Bangladesh,BGD,2020,1914142.8571428573
Bangladesh,BGD,2021,1916571.4285714282
Bangladesh,BGD,2022,1919000.0
Bangladesh,BGD,2023,1921428.571428571
Bangladesh,BGD,2024,1923857.1428571427
Bangladesh,BGD,2025,1926285.7142857146
Bangladesh,BGD,2026,1928714.2857142854
Bangladesh,BGD,2027,1931142.8571428573
Bangladesh,BGD,2028,1933571.4285714282
Belarus,BLR,2018,706618.1818181798
Belarus,BLR,2019,737509.0909090862
Belarus,BLR,2020,768400.0
Belarus,BLR,2021,799290.9090909064
Belarus,BLR,2022,830181.8181818202
Belarus,BLR,2023,861072.7272727266
Belarus,BLR,2024,891963.636363633
Belarus,BLR,2025,922854.5454545468
Belarus,BLR,2026,953745.4545454532
Belarus,BLR,2027,984636.3636363596
Belarus,BLR,2028,1015527.2727272734
Belgium,BEL,2018,12852963.636363745
Belgium,BEL,2019,13293745.454545498
Belgium,BEL,2020,13734527.27272737
Belgium,BEL,2021,14175309.090909123
Belgium,BEL,2022,14616090.909090996
Belgium,BEL,2023,15056872.727272749
Belgium,BEL,2024,15497654.545454621
Belgium,BEL,2025,15938436.363636374
Belgium,BEL,2026,16379218.181818247
Belgium,BEL,2027,16820000.00000012
Belgium,BEL,2028,17260781.818181872
Bermuda,BMU,2018,302000.0
Bermuda,BMU,2019,313000.0
Bermuda,BMU,2020,324000.0
Bermuda,BMU,2021,335000.0
Bermuda,BMU,2022,346000.0
Bermuda,BMU,2023,357000.0
Bermuda,BMU,2024,368000.0
Bermuda,BMU,2025,379000.0
Bermuda,BMU,2026,390000.0
Bermuda,BMU,2027,401000.0
Bermuda,BMU,2028,412000.0
Bolivia,BOL,2018,1160090.9090908915
Bolivia,BOL,2019,1221818.1818181723
Bolivia,BOL,2020,1283545.4545454383
Bolivia,BOL,2021,1345272.7272727191
Bolivia,BOL,2022,1406999.999999985
Bolivia,BOL,2023,1468727.272727266
Bolivia,BOL,2024,1530454.545454532
Bolivia,BOL,2025,1592181.8181817979
Bolivia,BOL,2026,1653909.0909090787
Bolivia,BOL,2027,1715636.3636363447
Bolivia,BOL,2028,1777363.6363636255
Brazil,BRA,2018,10763272.727272749
Brazil,BRA,2019,11292045.454545498
Brazil,BRA,2020,11820818.181818247
Brazil,BRA,2021,12349590.909090996
Brazil,BRA,2022,12878363.636363745
Brazil,BRA,2023,13407136.363636374
Brazil,BRA,2024,13935909.090909123
Brazil,BRA,2025,14464681.818181872
Brazil,BRA,2026,14993454.545454621
Brazil,BRA,2027,15522227.27272737
Brazil,BRA,2028,16051000.00000012
British Virgin Islands,VGB,2018,105752.3809523806
British Virgin Islands,VGB,2019,100409.52380952239
British Virgin Islands,VGB,2020,95066.66666666605
British Virgin Islands,VGB,2021,89723.8095238097
British Virgin Islands,VGB,2022,84380.9523809515
British Virgin Islands,VGB,2023,79038.09523809515
British Virgin Islands,VGB,2024,73695.23809523694
British Virgin Islands,VGB,2025,68352.3809523806
British Virgin Islands,VGB,2026,63009.52380952239
British Virgin Islands,VGB,2027,57666.666666666046
British Virgin Islands,VGB,2028,52323.8095238097
Bulgaria,BGR,2018,5013800.000000015
Bulgaria,BGR,2019,5079554.545454562
Bulgaria,BGR,2020,5145309.0909091085
Bulgaria,BGR,2021,5211063.63636364
Bulgaria,BGR,2022,5276818.181818187
Bulgaria,BGR,2023,5342572.727272734
Bulgaria,BGR,2024,5408327.272727281
Bulgaria,BGR,2025,5474081.818181828
Bulgaria,BGR,2026,5539836.3636363745
Bulgaria,BGR,2027,5605590.909090921
Bulgaria,BGR,2028,5671345.454545468
Cambodia,KHM,2018,1485072.7272727191
Cambodia,KHM,2019,1575963.6363636255
Cambodia,KHM,2020,1666854.545454532
Cambodia,KHM,2021,1757745.454545468
Cambodia,KHM,2022,1848636.3636363745
Cambodia,KHM,2023,1939527.2727272809
Cambodia,KHM,2024,2030418.1818181872
Cambodia,KHM,2025,2121309.0909090936
Cambodia,KHM,2026,2212200.0
Cambodia,KHM,2027,2303090.9090909064
Cambodia,KHM,2028,2393981.8181818128
Canada,CAN,2018,35000836.363636255
Canada,CAN,2019,35790354.5454545
Canada,CAN,2020,36579872.72727275
Canada,CAN,2021,37369390.90909076
Canada,CAN,2022,38158909.090909004
Canada,CAN,2023,38948427.27272725
Canada,CAN,2024,39737945.4545455
Canada,CAN,2025,40527463.63636351
Canada,CAN,2026,41316981.81818175
Canada,CAN,2027,42106500.0
Canada,CAN,2028,42896018.18181801
Central African Republic,CAF,2018,38000.0
Central African Republic,CAF,2019,38000.0
Central African Republic,CAF,2020,38000.0
Central African Republic,CAF,2021,38000.0
Central African Republic,CAF,2022,38000.0
Central African Republic,CAF,2023,38000.0
Central African Republic,CAF,2024,38000.0
Central African Republic,CAF,2025,38000.0
Central African Republic,CAF,2026,38000.0
Central African Republic,CAF,2027,38000.0
Central African Republic,CAF,2028,38000.0
Central Europe and the Baltics,0,2018,101404800.99339694
Central Europe and the Baltics,0,2019,101648855.78720075
Central Europe and the Baltics,0,2020,101892910.5810045
Central Europe and the Baltics,0,2021,102136965.37480831
Central Europe and the Baltics,0,2022,102381020.16861206
Central Europe and the Baltics,0,2023,102625074.96241587
Central Europe and the Baltics,0,2024,102869129.75621963
Central Europe and the Baltics,0,2025,103113184.55002344
Central Europe and the Baltics,0,2026,103357239.34382719
Central Europe and the Baltics,0,2027,103601294.137631
Central Europe and the Baltics,0,2028,103845348.93143475
Chad,TCD,2018,57463.70967741939
Chad,TCD,2019,56911.29032258084
Chad,TCD,2020,56358.870967742056
Chad,TCD,2021,55806.45161290327
Chad,TCD,2022,55254.03225806472
Chad,TCD,2023,54701.612903225934
Chad,TCD,2024,54149.19354838715
Chad,TCD,2025,53596.7741935486
Chad,TCD,2026,53044.35483870981
Chad,TCD,2027,52491.93548387103
Chad,TCD,2028,51939.516129032476
Chile,CHL,2018,3900296.3636363745
Chile,CHL,2019,4092024.5454545617
Chile,CHL,2020,4283752.727272749
Chile,CHL,2021,4475480.909090877
Chile,CHL,2022,4667209.090909064
Chile,CHL,2023,4858937.272727251
Chile,CHL,2024,5050665.454545438
Chile,CHL,2025,5242393.6363636255
Chile,CHL,2026,5434121.818181813
Chile,CHL,2027,5625850.0
Chile,CHL,2028,5817578.181818187
China,CHN,2018,156252818.1818161
China,CHN,2019,167657454.54545212
China,CHN,2020,179062090.90908813
China,CHN,2021,190466727.27272797
China,CHN,2022,201871363.63636398
China,CHN,2023,213276000.0
China,CHN,2024,224680636.36363602
China,CHN,2025,236085272.72727203
China,CHN,2026,247489909.09090805
China,CHN,2027,258894545.45454407
China,CHN,2028,270299181.8181801
Colombia,COL,2018,4477618.181818128
Colombia,COL,2019,4717599.99999994
Colombia,COL,2020,4957581.818181753
Colombia,COL,2021,5197563.6363636255
Colombia,COL,2022,5437545.454545438
Colombia,COL,2023,5677527.272727251
Colombia,COL,2024,5917509.090909064
Colombia,COL,2025,6157490.909090877
Colombia,COL,2026,6397472.727272689
Colombia,COL,2027,6637454.545454502
Colombia,COL,2028,6877436.363636315
"Congo, Dem. Rep.",ZAR,2018,560000.0
"Congo, Dem. Rep.",ZAR,2019,628000.0
"Congo, Dem. Rep.",ZAR,2020,696000.0
"Congo, Dem. Rep.",ZAR,2021,764000.0
"Congo, Dem. Rep.",ZAR,2022,832000.0
"Congo, Dem. Rep.",ZAR,2023,900000.0
"Congo, Dem. Rep.",ZAR,2024,968000.0
"Congo, Dem. Rep.",ZAR,2025,1036000.0
"Congo, Dem. Rep.",ZAR,2026,1104000.0
"Congo, Dem. Rep.",ZAR,2027,1172000.0
"Congo, Dem. Rep.",ZAR,2028,1240000.0
"Congo, Rep.",COG,2018,275000.0
"Congo, Rep.",COG,2019,294000.0
"Congo, Rep.",COG,2020,313000.0
"Congo, Rep.",COG,2021,332000.0
"Congo, Rep.",COG,2022,351000.0
"Congo, Rep.",COG,2023,370000.0
"Congo, Rep.",COG,2024,389000.0
"Congo, Rep.",COG,2025,408000.0
"Congo, Rep.",COG,2026,427000.0
"Congo, Rep.",COG,2027,446000.0
"Congo, Rep.",COG,2028,465000.0
Costa Rica,CRI,2018,1116927.272727266
Costa Rica,CRI,2019,1173854.5454545468
Costa Rica,CRI,2020,1230781.8181818128
Costa Rica,CRI,2021,1287709.0909090936
Costa Rica,CRI,2022,1344636.3636363596
Costa Rica,CRI,2023,1401563.6363636404
Costa Rica,CRI,2024,1458490.9090909064
Costa Rica,CRI,2025,1515418.1818181723
Costa Rica,CRI,2026,1572345.4545454532
Costa Rica,CRI,2027,1629272.7272727191
Costa Rica,CRI,2028,1686200.0
Croatia,HRV,2018,2187333.3333333284
Croatia,HRV,2019,2146975.7575757653
Croatia,HRV,2020,2106618.1818181872
Croatia,HRV,2021,2066260.6060606092
Croatia,HRV,2022,2025903.0303030312
Croatia,HRV,2023,1985545.4545454532
Croatia,HRV,2024,1945187.8787878752
Croatia,HRV,2025,1904830.303030312
Croatia,HRV,2026,1864472.727272734
Croatia,HRV,2027,1824115.151515156
Croatia,HRV,2028,1783757.575757578
Cuba,CUB,2018,727727.272727266
Cuba,CUB,2019,786854.5454545468
Cuba,CUB,2020,845981.8181818128
Cuba,CUB,2021,905109.0909090936
Cuba,CUB,2022,964236.3636363596
Cuba,CUB,2023,1023363.6363636404
Cuba,CUB,2024,1082490.9090909064
Cuba,CUB,2025,1141618.1818181872
Cuba,CUB,2026,1200745.4545454532
Cuba,CUB,2027,1259872.7272727191
Cuba,CUB,2028,1319000.0
Cyprus,CYP,2018,1286454.5454545468
Cyprus,CYP,2019,1300409.09090909
Cyprus,CYP,2020,1314363.6363636367
Cyprus,CYP,2021,1328318.1818181835
Cyprus,CYP,2022,1342272.7272727266
Cyprus,CYP,2023,1356227.2727272734
Cyprus,CYP,2024,1370181.8181818202
Cyprus,CYP,2025,1384136.3636363633
Cyprus,CYP,2026,1398090.90909091
Cyprus,CYP,2027,1412045.454545457
Cyprus,CYP,2028,1426000.0
Czech Republic,CZE,2018,4792381.818181872
Czech Republic,CZE,2019,4423263.6363636255
Czech Republic,CZE,2020,4054145.454545498
Czech Republic,CZE,2021,3685027.272727251
Czech Republic,CZE,2022,3315909.0909091234
Czech Republic,CZE,2023,2946790.9090908766
Czech Republic,CZE,2024,2577672.727272749
Czech Republic,CZE,2025,2208554.545454502
Czech Republic,CZE,2026,1839436.3636363745
Czech Republic,CZE,2027,1470318.1818182468
Czech Republic,CZE,2028,1101200.0
Denmark,DNK,2018,9283072.72727269
Denmark,DNK,2019,9533099.99999994
Denmark,DNK,2020,9783127.272727251
Denmark,DNK,2021,10033154.545454502
Denmark,DNK,2022,10283181.818181813
Denmark,DNK,2023,10533209.090909064
Denmark,DNK,2024,10783236.363636315
Denmark,DNK,2025,11033263.636363626
Denmark,DNK,2026,11283290.909090877
Denmark,DNK,2027,11533318.181818128
Denmark,DNK,2028,11783345.454545438
Dominican Republic,DOM,2018,490709.0909090899
Dominican Republic,DOM,2019,499509.0909090899
Dominican Republic,DOM,2020,508309.0909090899
Dominican Republic,DOM,2021,517109.0909090899
Dominican Republic,DOM,2022,525909.0909090899
Dominican Republic,DOM,2023,534709.0909090899
Dominican Republic,DOM,2024,543509.0909090899
Dominican Republic,DOM,2025,552309.0909090899
Dominican Republic,DOM,2026,561109.0909090899
Dominican Republic,DOM,2027,569909.0909090899
Dominican Republic,DOM,2028,578709.0909090899
Early-demographic dividend,0,2018,209926742.54384995
Early-demographic dividend,0,2019,220787821.2116127
Early-demographic dividend,0,2020,231648899.87937546
Early-demographic dividend,0,2021,242509978.5471382
Early-demographic dividend,0,2022,253371057.21490097
Early-demographic dividend,0,2023,264232135.88266373
Early-demographic dividend,0,2024,275093214.5504265
Early-demographic dividend,0,2025,285954293.21818924
Early-demographic dividend,0,2026,296815371.885952
Early-demographic dividend,0,2027,307676450.55371475
Early-demographic dividend,0,2028,318537529.2214775
East Asia & Pacific,0,2018,413999735.9920883
East Asia & Pacific,0,2019,434445321.40880585
East Asia & Pacific,0,2020,454890906.82551575
East Asia & Pacific,0,2021,475336492.24222565
East Asia & Pacific,0,2022,495782077.6589432
East Asia & Pacific,0,2023,516227663.0756531
East Asia & Pacific,0,2024,536673248.4923706
East Asia & Pacific,0,2025,557118833.9090805
East Asia & Pacific,0,2026,577564419.325798
East Asia & Pacific,0,2027,598010004.7425079
East Asia & Pacific,0,2028,618455590.1592178
East Asia & Pacific (IDA & IBRD countries),0,2018,210826073.54899216
East Asia & Pacific (IDA & IBRD countries),0,2019,225672172.50792694
East Asia & Pacific (IDA & IBRD countries),0,2020,240518271.46686172
East Asia & Pacific (IDA & IBRD countries),0,2021,255364370.42580032
East Asia & Pacific (IDA & IBRD countries),0,2022,270210469.3847351
East Asia & Pacific (IDA & IBRD countries),0,2023,285056568.3436699
East Asia & Pacific (IDA & IBRD countries),0,2024,299902667.3026047
East Asia & Pacific (IDA & IBRD countries),0,2025,314748766.26153946
East Asia & Pacific (IDA & IBRD countries),0,2026,329594865.22047424
East Asia & Pacific (IDA & IBRD countries),0,2027,344440964.17941284
East Asia & Pacific (IDA & IBRD countries),0,2028,359287063.1383476
East Asia & Pacific (excluding high income),0,2018,213493412.07056046
East Asia & Pacific (excluding high income),0,2019,228527341.5524559
East Asia & Pacific (excluding high income),0,2020,243561271.03435135
East Asia & Pacific (excluding high income),0,2021,258595200.5162468
East Asia & Pacific (excluding high income),0,2022,273629129.99814224
East Asia & Pacific (excluding high income),0,2023,288663059.4800377
East Asia & Pacific (excluding high income),0,2024,303696988.96193314
East Asia & Pacific (excluding high income),0,2025,318730918.4438286
East Asia & Pacific (excluding high income),0,2026,333764847.925724
East Asia & Pacific (excluding high income),0,2027,348798777.40761566
East Asia & Pacific (excluding high income),0,2028,363832706.8895111
Ecuador,ECU,2018,1624090.9090909362
Ecuador,ECU,2019,1708636.3636363745
Ecuador,ECU,2020,1793181.8181818426
Ecuador,ECU,2021,1877727.2727272809
Ecuador,ECU,2022,1962272.727272749
Ecuador,ECU,2023,2046818.1818181872
Ecuador,ECU,2024,2131363.6363636553
Ecuador,ECU,2025,2215909.0909090936
Ecuador,ECU,2026,2300454.5454545617
Ecuador,ECU,2027,2385000.00000003
Ecuador,ECU,2028,2469545.454545468
"Egypt, Arab Rep.",EGY,2018,7465466.666666627
"Egypt, Arab Rep.",EGY,2019,7797666.666666627
"Egypt, Arab Rep.",EGY,2020,8129866.666666627
"Egypt, Arab Rep.",EGY,2021,8462066.666666627
"Egypt, Arab Rep.",EGY,2022,8794266.666666627
"Egypt, Arab Rep.",EGY,2023,9126466.666666627
"Egypt, Arab Rep.",EGY,2024,9458666.666666627
"Egypt, Arab Rep.",EGY,2025,9790866.666666627
"Egypt, Arab Rep.",EGY,2026,10123066.666666627
"Egypt, Arab Rep.",EGY,2027,10455266.666666627
"Egypt, Arab Rep.",EGY,2028,10787466.666666627
El Salvador,SLV,2018,1900242.424242437
El Salvador,SLV,2019,1971142.8571428657
El Salvador,SLV,2020,2042043.2900432944
El Salvador,SLV,2021,2112943.722943723
El Salvador,SLV,2022,2183844.155844152
El Salvador,SLV,2023,2254744.5887446105
El Salvador,SLV,2024,2325645.0216450393
El Salvador,SLV,2025,2396545.454545468
El Salvador,SLV,2026,2467445.887445897
El Salvador,SLV,2027,2538346.3203463256
El Salvador,SLV,2028,2609246.7532467544
Estonia,EST,2018,1511327.272727251
Estonia,EST,2019,1585381.8181818128
Estonia,EST,2020,1659436.3636363447
Estonia,EST,2021,1733490.9090909064
Estonia,EST,2022,1807545.4545454383
Estonia,EST,2023,1881600.0
Estonia,EST,2024,1955654.545454532
Estonia,EST,2025,2029709.0909090936
Estonia,EST,2026,2103763.6363636255
Estonia,EST,2027,2177818.1818181574
Estonia,EST,2028,2251872.727272719
Eswatini,0,2018,1892890.9090909064
Eswatini,0,2019,1968327.2727272809
Eswatini,0,2020,2043763.6363636255
Eswatini,0,2021,2119200.0
Eswatini,0,2022,2194636.3636363447
Eswatini,0,2023,2270072.727272719
Eswatini,0,2024,2345509.0909090936
Eswatini,0,2025,2420945.4545454383
Eswatini,0,2026,2496381.8181818128
Eswatini,0,2027,2571818.1818181872
Eswatini,0,2028,2647254.545454532
Euro area,0,2018,252564913.92879105
Euro area,0,2019,255738382.41291142
Euro area,0,2020,258911850.89703274
Euro area,0,2021,262085319.38115406
Euro area,0,2022,265258787.86527538
Euro area,0,2023,268432256.34939575
Euro area,0,2024,271605724.8335171
Euro area,0,2025,274779193.3176384
Euro area,0,2026,277952661.80175877
Euro area,0,2027,281126130.2858801
Euro area,0,2028,284299598.7700014
Europe & Central Asia,0,2018,613353842.5858154
Europe & Central Asia,0,2019,623258476.1223907
Europe & Central Asia,0,2020,633163109.6589661
Europe & Central Asia,0,2021,643067743.1955376
Europe & Central Asia,0,2022,652972376.7321129
Europe & Central Asia,0,2023,662877010.2686882
Europe & Central Asia,0,2024,672781643.8052635
Europe & Central Asia,0,2025,682686277.3418388
Europe & Central Asia,0,2026,692590910.8784142
Europe & Central Asia,0,2027,702495544.4149895
Europe & Central Asia,0,2028,712400177.9515648
Europe & Central Asia (IDA & IBRD countries),0,2018,207245410.52181053
Europe & Central Asia (IDA & IBRD countries),0,2019,212077992.96167755
Europe & Central Asia (IDA & IBRD countries),0,2020,216910575.40154457
Europe & Central Asia (IDA & IBRD countries),0,2021,221743157.8414116
Europe & Central Asia (IDA & IBRD countries),0,2022,226575740.2812786
Europe & Central Asia (IDA & IBRD countries),0,2023,231408322.72114563
Europe & Central Asia (IDA & IBRD countries),0,2024,236240905.16101265
Europe & Central Asia (IDA & IBRD countries),0,2025,241073487.60087967
Europe & Central Asia (IDA & IBRD countries),0,2026,245906070.0407467
Europe & Central Asia (IDA & IBRD countries),0,2027,250738652.4806137
Europe & Central Asia (IDA & IBRD countries),0,2028,255571234.92048073
Europe & Central Asia (excluding high income),0,2018,155901756.71471024
Europe & Central Asia (excluding high income),0,2019,160943869.01958847
Europe & Central Asia (excluding high income),0,2020,165985981.3244648
Europe & Central Asia (excluding high income),0,2021,171028093.62934303
Europe & Central Asia (excluding high income),0,2022,176070205.93421936
Europe & Central Asia (excluding high income),0,2023,181112318.2390957
Europe & Central Asia (excluding high income),0,2024,186154430.54397392
Europe & Central Asia (excluding high income),0,2025,191196542.84885025
Europe & Central Asia (excluding high income),0,2026,196238655.1537285
Europe & Central Asia (excluding high income),0,2027,201280767.4586048
Europe & Central Asia (excluding high income),0,2028,206322879.76348114
European Union,EUN,2018,439176955.97864723
European Union,EUN,2019,444092056.61071396
European Union,EUN,2020,449007157.2427788
European Union,EUN,2021,453922257.8748455
European Union,EUN,2022,458837358.50691223
European Union,EUN,2023,463752459.13897896
European Union,EUN,2024,468667559.7710457
European Union,EUN,2025,473582660.4031124
European Union,EUN,2026,478497761.03517914
European Union,EUN,2027,483412861.66724586
European Union,EUN,2028,488327962.2993107
Fiji,FJI,2018,167065.5737704914
Fiji,FJI,2019,171704.91803278588
Fiji,FJI,2020,176344.2622950822
Fiji,FJI,2021,180983.60655737668
Fiji,FJI,2022,185622.95081967115
Fiji,FJI,2023,190262.2950819675
Fiji,FJI,2024,194901.63934426196
Fiji,FJI,2025,199540.98360655643
Fiji,FJI,2026,204180.32786885276
Fiji,FJI,2027,208819.67213114724
Fiji,FJI,2028,213459.0163934417
Finland,FIN,2018,10223854.545454502
Finland,FIN,2019,10639209.090909004
Finland,FIN,2020,11054563.636363626
Finland,FIN,2021,11469918.181818128
Finland,FIN,2022,11885272.727272749
Finland,FIN,2023,12300627.272727251
Finland,FIN,2024,12715981.818181753
Finland,FIN,2025,13131336.363636374
Finland,FIN,2026,13546690.909090877
Finland,FIN,2027,13962045.454545379
Finland,FIN,2028,14377400.0
France,FRA,2018,27521999.99999994
France,FRA,2019,27693409.090909064
France,FRA,2020,27864818.181818128
France,FRA,2021,28036227.27272725
France,FRA,2022,28207636.363636315
France,FRA,2023,28379045.45454544
France,FRA,2024,28550454.545454502
France,FRA,2025,28721863.636363626
France,FRA,2026,28893272.72727269
France,FRA,2027,29064681.818181753
France,FRA,2028,29236090.909090877
French Polynesia,PYF,2018,39750.0
French Polynesia,PYF,2019,33950.0
French Polynesia,PYF,2020,28150.0
French Polynesia,PYF,2021,22350.0
French Polynesia,PYF,2022,16550.0
French Polynesia,PYF,2023,10750.0
French Polynesia,PYF,2024,4950.0
French Polynesia,PYF,2025,-850.0
French Polynesia,PYF,2026,-6650.0
French Polynesia,PYF,2027,-12450.0
French Polynesia,PYF,2028,-18250.0
Georgia,GEO,2018,3980981.8181818724
Georgia,GEO,2019,4203645.454545498
Georgia,GEO,2020,4426309.090909123
Georgia,GEO,2021,4648972.727272749
Georgia,GEO,2022,4871636.3636363745
Georgia,GEO,2023,5094300.0
Georgia,GEO,2024,5316963.636363685
Georgia,GEO,2025,5539627.272727311
Georgia,GEO,2026,5762290.909090936
Georgia,GEO,2027,5984954.545454562
Georgia,GEO,2028,6207618.181818187
Germany,DEU,2018,89274763.63636363
Germany,DEU,2019,89840072.72727263
Germany,DEU,2020,90405381.81818187
Germany,DEU,2021,90970690.90909088
Germany,DEU,2022,91536000.00000012
Germany,DEU,2023,92101309.09090912
Germany,DEU,2024,92666618.18181813
Germany,DEU,2025,93231927.27272737
Germany,DEU,2026,93797236.36363637
Germany,DEU,2027,94362545.45454538
Germany,DEU,2028,94927854.54545462
Greece,GRC,2018,7730666.666666746
Greece,GRC,2019,8179369.696969748
Greece,GRC,2020,8628072.727272749
Greece,GRC,2021,9076775.75757575
Greece,GRC,2022,9525478.787878871
Greece,GRC,2023,9974181.818181872
Greece,GRC,2024,10422884.848484874
Greece,GRC,2025,10871587.878787875
Greece,GRC,2026,11320290.909090996
Greece,GRC,2027,11768993.939393997
Greece,GRC,2028,12217696.969696999
Guatemala,GTM,2018,1118163.6363636404
Guatemala,GTM,2019,1142100.0
Guatemala,GTM,2020,1166036.363636367
Guatemala,GTM,2021,1189972.7272727266
Guatemala,GTM,2022,1213909.0909090936
Guatemala,GTM,2023,1237845.4545454532
Guatemala,GTM,2024,1261781.8181818202
Guatemala,GTM,2025,1285718.1818181798
Guatemala,GTM,2026,1309654.5454545468
Guatemala,GTM,2027,1333590.9090909138
Guatemala,GTM,2028,1357527.2727272734
High income,0,2018,799475625.7506142
High income,0,2019,815433558.3540001
High income,0,2020,831391490.9573898
High income,0,2021,847349423.5607758
High income,0,2022,863307356.1641655
High income,0,2023,879265288.7675514
High income,0,2024,895223221.3709412
High income,0,2025,911181153.9743309
High income,0,2026,927139086.5777168
High income,0,2027,943097019.1811066
High income,0,2028,959054951.7844925
Honduras,HND,2018,723442.424242422
Honduras,HND,2019,761018.1818181872
Honduras,HND,2020,798593.9393939376
Honduras,HND,2021,836169.6969697028
Honduras,HND,2022,873745.4545454532
Honduras,HND,2023,911321.2121212184
Honduras,HND,2024,948896.9696969688
Honduras,HND,2025,986472.727272734
Honduras,HND,2026,1024048.4848484844
Honduras,HND,2027,1061624.2424242496
Honduras,HND,2028,1099200.0
"Hong Kong SAR, China",HKG,2018,91666836.36363626
"Hong Kong SAR, China",HKG,2019,92699763.6363635
"Hong Kong SAR, China",HKG,2020,93732690.90909076
"Hong Kong SAR, China",HKG,2021,94765618.18181801
"Hong Kong SAR, China",HKG,2022,95798545.4545455
"Hong Kong SAR, China",HKG,2023,96831472.72727275
"Hong Kong SAR, China",HKG,2024,97864400.0
"Hong Kong SAR, China",HKG,2025,98897327.27272725
"Hong Kong SAR, China",HKG,2026,99930254.5454545
"Hong Kong SAR, China",HKG,2027,100963181.81818175
"Hong Kong SAR, China",HKG,2028,101996109.090909
Hungary,HUN,2018,18503818.181818187
Hungary,HUN,2019,18730772.72727275
Hungary,HUN,2020,18957727.27272731
Hungary,HUN,2021,19184681.818181813
Hungary,HUN,2022,19411636.363636374
Hungary,HUN,2023,19638590.909090936
Hungary,HUN,2024,19865545.454545498
Hungary,HUN,2025,20092500.0
Hungary,HUN,2026,20319454.54545456
Hungary,HUN,2027,20546409.090909123
Hungary,HUN,2028,20773363.636363626
IBRD only,0,2018,516100623.98874664
IBRD only,0,2019,540108119.1197357
IBRD only,0,2020,564115614.2507324
IBRD only,0,2021,588123109.3817215
IBRD only,0,2022,612130604.5127182
IBRD only,0,2023,636138099.6437073
IBRD only,0,2024,660145594.774704
IBRD only,0,2025,684153089.905693
IBRD only,0,2026,708160585.0366898
IBRD only,0,2027,732168080.1676788
IBRD only,0,2028,756175575.2986755
IDA & IBRD total,0,2018,668496474.1779556
IDA & IBRD total,0,2019,699969057.8527603
IDA & IBRD total,0,2020,731441641.5275726
IDA & IBRD total,0,2021,762914225.2023773
IDA & IBRD total,0,2022,794386808.877182
IDA & IBRD total,0,2023,825859392.5519943
IDA & IBRD total,0,2024,857331976.226799
IDA & IBRD total,0,2025,888804559.9016113
IDA & IBRD total,0,2026,920277143.576416
IDA & IBRD total,0,2027,951749727.2512207
IDA & IBRD total,0,2028,983222310.926033
Iceland,ISL,2018,522745.45454546064
Iceland,ISL,2019,541672.727272734
Iceland,ISL,2020,560600.0000000075
Iceland,ISL,2021,579527.2727272734
Iceland,ISL,2022,598454.5454545468
Iceland,ISL,2023,617381.8181818202
Iceland,ISL,2024,636309.0909090936
Iceland,ISL,2025,655236.363636367
Iceland,ISL,2026,674163.6363636404
Iceland,ISL,2027,693090.9090909138
Iceland,ISL,2028,712018.1818181872
India,IND,2018,24400218.18181801
India,IND,2019,25818936.363636017
India,IND,2020,27237654.545454502
India,IND,2021,28656372.72727251
India,IND,2022,30075090.909090996
India,IND,2023,31493809.090909004
India,IND,2024,32912527.272727013
India,IND,2025,34331245.4545455
India,IND,2026,35749963.63636351
India,IND,2027,37168681.818181515
India,IND,2028,38587400.0
Indonesia,IDN,2018,9467618.181818128
Indonesia,IDN,2019,9869690.909090877
Indonesia,IDN,2020,10271763.636363626
Indonesia,IDN,2021,10673836.363636374
Indonesia,IDN,2022,11075909.090909123
Indonesia,IDN,2023,11477981.818181872
Indonesia,IDN,2024,11880054.545454502
Indonesia,IDN,2025,12282127.272727251
Indonesia,IDN,2026,12684200.0
Indonesia,IDN,2027,13086272.727272749
Indonesia,IDN,2028,13488345.454545498
"Iran, Islamic Rep.",IRN,2018,11197500.0
"Iran, Islamic Rep.",IRN,2019,12289700.0
"Iran, Islamic Rep.",IRN,2020,13381900.0
"Iran, Islamic Rep.",IRN,2021,14474100.0
"Iran, Islamic Rep.",IRN,2022,15566300.0
"Iran, Islamic Rep.",IRN,2023,16658500.0
"Iran, Islamic Rep.",IRN,2024,17750700.0
"Iran, Islamic Rep.",IRN,2025,18842900.0
"Iran, Islamic Rep.",IRN,2026,19935100.0
"Iran, Islamic Rep.",IRN,2027,21027300.0
"Iran, Islamic Rep.",IRN,2028,22119500.0
Ireland,IRL,2018,7226181.81818182
Ireland,IRL,2019,7236090.90909091
Ireland,IRL,2020,7246000.0
Ireland,IRL,2021,7255909.090909094
Ireland,IRL,2022,7265818.1818181835
Ireland,IRL,2023,7275727.272727273
Ireland,IRL,2024,7285636.363636363
Ireland,IRL,2025,7295545.454545457
Ireland,IRL,2026,7305454.545454547
Ireland,IRL,2027,7315363.636363637
Ireland,IRL,2028,7325272.72727273
Israel,ISR,2018,6982563.6363636255
Israel,ISR,2019,7304309.090909123
Israel,ISR,2020,7626054.545454502
Israel,ISR,2021,7947800.0
Israel,ISR,2022,8269545.454545379
Israel,ISR,2023,8591290.909090877
Israel,ISR,2024,8913036.363636374
Israel,ISR,2025,9234781.818181753
Israel,ISR,2026,9556527.272727251
Israel,ISR,2027,9878272.727272749
Israel,ISR,2028,10200018.181818128
Italy,ITA,2018,29678781.818181872
Italy,ITA,2019,30009018.181818247
Italy,ITA,2020,30339254.54545462
Italy,ITA,2021,30669490.909090877
Italy,ITA,2022,30999727.27272725
Italy,ITA,2023,31329963.636363626
Italy,ITA,2024,31660200.0
Italy,ITA,2025,31990436.363636374
Italy,ITA,2026,32320672.72727275
Italy,ITA,2027,32650909.090909123
Italy,ITA,2028,32981145.454545498
Japan,JPN,2018,17538690.909090877
Japan,JPN,2019,17636881.818181783
Japan,JPN,2020,17735072.72727269
Japan,JPN,2021,17833263.636363626
Japan,JPN,2022,17931454.545454532
Japan,JPN,2023,18029645.45454544
Japan,JPN,2024,18127836.363636345
Japan,JPN,2025,18226027.27272725
Japan,JPN,2026,18324218.181818157
Japan,JPN,2027,18422409.090909064
Japan,JPN,2028,18520599.99999997
Jordan,JOR,2018,1283384.6153846085
Jordan,JOR,2019,1198890.1098901033
Jordan,JOR,2020,1114395.6043955982
Jordan,JOR,2021,1029901.098901093
Jordan,JOR,2022,945406.5934065878
Jordan,JOR,2023,860912.0879120827
Jordan,JOR,2024,776417.5824175775
Jordan,JOR,2025,691923.0769230723
Jordan,JOR,2026,607428.5714285672
Jordan,JOR,2027,522934.065934062
Jordan,JOR,2028,438439.56043955684
Kazakhstan,KAZ,2018,14381535.714285612
Kazakhstan,KAZ,2019,15352773.80952382
Kazakhstan,KAZ,2020,16324011.904761791
Kazakhstan,KAZ,2021,17295250.0
Kazakhstan,KAZ,2022,18266488.09523797
Kazakhstan,KAZ,2023,19237726.19047618
Kazakhstan,KAZ,2024,20208964.28571415
Kazakhstan,KAZ,2025,21180202.38095236
Kazakhstan,KAZ,2026,22151440.47619033
Kazakhstan,KAZ,2027,23122678.571428537
Kazakhstan,KAZ,2028,24093916.666666746
"Korea, Rep.",KOR,2018,23687581.818181515
"Korea, Rep.",KOR,2019,25016572.72727251
"Korea, Rep.",KOR,2020,26345563.636363506
"Korea, Rep.",KOR,2021,27674554.545454502
"Korea, Rep.",KOR,2022,29003545.454545498
"Korea, Rep.",KOR,2023,30332536.363636494
"Korea, Rep.",KOR,2024,31661527.272727013
"Korea, Rep.",KOR,2025,32990518.18181801
"Korea, Rep.",KOR,2026,34319509.090909004
"Korea, Rep.",KOR,2027,35648500.0
"Korea, Rep.",KOR,2028,36977490.909090996
Kuwait,KWT,2018,2649000.0
Kuwait,KWT,2019,2649000.0
Kuwait,KWT,2020,2649000.0
Kuwait,KWT,2021,2649000.0
Kuwait,KWT,2022,2649000.0
Kuwait,KWT,2023,2649000.0
Kuwait,KWT,2024,2649000.0
Kuwait,KWT,2025,2649000.0
Kuwait,KWT,2026,2649000.0
Kuwait,KWT,2027,2649000.0
Kuwait,KWT,2028,2649000.0
Kyrgyz Republic,KGZ,2018,5123254.545454502
Kyrgyz Republic,KGZ,2019,5467554.545454502
Kyrgyz Republic,KGZ,2020,5811854.545454502
Kyrgyz Republic,KGZ,2021,6156154.545454502
Kyrgyz Republic,KGZ,2022,6500454.545454502
Kyrgyz Republic,KGZ,2023,6844754.545454502
Kyrgyz Republic,KGZ,2024,7189054.545454502
Kyrgyz Republic,KGZ,2025,7533354.545454502
Kyrgyz Republic,KGZ,2026,7877654.545454502
Kyrgyz Republic,KGZ,2027,8221954.545454502
Kyrgyz Republic,KGZ,2028,8566254.545454502
Lao PDR,LAO,2018,3649250.0
Lao PDR,LAO,2019,3880250.0
Lao PDR,LAO,2020,4111250.0
Lao PDR,LAO,2021,4342250.0
Lao PDR,LAO,2022,4573250.0
Lao PDR,LAO,2023,4804250.0
Lao PDR,LAO,2024,5035250.0
Lao PDR,LAO,2025,5266250.0
Lao PDR,LAO,2026,5497250.0
Lao PDR,LAO,2027,5728250.0
Lao PDR,LAO,2028,5959250.0
Late-demographic dividend,0,2018,381644536.74684143
Late-demographic dividend,0,2019,398815527.35113525
Late-demographic dividend,0,2020,415986517.95542145
Late-demographic dividend,0,2021,433157508.5597153
Late-demographic dividend,0,2022,450328499.1640091
Late-demographic dividend,0,2023,467499489.7683029
Late-demographic dividend,0,2024,484670480.37259674
Late-demographic dividend,0,2025,501841470.97688293
Late-demographic dividend,0,2026,519012461.58117676
Late-demographic dividend,0,2027,536183452.1854706
Late-demographic dividend,0,2028,553354442.7897644
Latin America & Caribbean,0,2018,72511271.53643036
Latin America & Caribbean,0,2019,75623749.38429451
Latin America & Caribbean,0,2020,78736227.2321577
Latin America & Caribbean,0,2021,81848705.0800209
Latin America & Caribbean,0,2022,84961182.9278841
Latin America & Caribbean,0,2023,88073660.7757473
Latin America & Caribbean,0,2024,91186138.6236105
Latin America & Caribbean,0,2025,94298616.4714737
Latin America & Caribbean,0,2026,97411094.31933784
Latin America & Caribbean,0,2027,100523572.16720104
Latin America & Caribbean,0,2028,103636050.01506424
Latin America & Caribbean (excluding high income),0,2018,52446704.37475777
Latin America & Caribbean (excluding high income),0,2019,54484743.1904788
Latin America & Caribbean (excluding high income),0,2020,56522782.00619984
Latin America & Caribbean (excluding high income),0,2021,58560820.82192087
Latin America & Caribbean (excluding high income),0,2022,60598859.63764238
Latin America & Caribbean (excluding high income),0,2023,62636898.45336342
Latin America & Caribbean (excluding high income),0,2024,64674937.26908445
Latin America & Caribbean (excluding high income),0,2025,66712976.08480549
Latin America & Caribbean (excluding high income),0,2026,68751014.90052652
Latin America & Caribbean (excluding high income),0,2027,70789053.71624756
Latin America & Caribbean (excluding high income),0,2028,72827092.53196907
Latin America & the Caribbean (IDA & IBRD countries),0,2018,70826483.69212532
Latin America & the Caribbean (IDA & IBRD countries),0,2019,73931156.93877888
Latin America & the Caribbean (IDA & IBRD countries),0,2020,77035830.18543243
Latin America & the Caribbean (IDA & IBRD countries),0,2021,80140503.43208599
Latin America & the Caribbean (IDA & IBRD countries),0,2022,83245176.6787405
Latin America & the Caribbean (IDA & IBRD countries),0,2023,86349849.92539406
Latin America & the Caribbean (IDA & IBRD countries),0,2024,89454523.17204762
Latin America & the Caribbean (IDA & IBRD countries),0,2025,92559196.41870117
Latin America & the Caribbean (IDA & IBRD countries),0,2026,95663869.66535568
Latin America & the Caribbean (IDA & IBRD countries),0,2027,98768542.91200924
Latin America & the Caribbean (IDA & IBRD countries),0,2028,101873216.1586628
Latvia,LVA,2018,1149600.0
Latvia,LVA,2019,938836.3636363149
Latvia,LVA,2020,728072.7272726893
Latvia,LVA,2021,517309.0909090638
Latvia,LVA,2022,306545.4545454383
Latvia,LVA,2023,95781.81818181276
Latvia,LVA,2024,-114981.81818187237
Latvia,LVA,2025,-325745.4545454979
Latvia,LVA,2026,-536509.0909091234
Latvia,LVA,2027,-747272.727272749
Latvia,LVA,2028,-958036.3636363745
Lithuania,LTU,2018,1996218.1818181723
Lithuania,LTU,2019,2044845.4545454532
Lithuania,LTU,2020,2093472.7272727191
Lithuania,LTU,2021,2142100.0
Lithuania,LTU,2022,2190727.272727266
Lithuania,LTU,2023,2239354.545454547
Lithuania,LTU,2024,2287981.8181818128
Lithuania,LTU,2025,2336609.0909090936
Lithuania,LTU,2026,2385236.3636363596
Lithuania,LTU,2027,2433863.6363636255
Lithuania,LTU,2028,2482490.9090909064
Low & middle income,0,2018,588729582.8223343
Low & middle income,0,2019,619341333.624527
Low & middle income,0,2020,649953084.4267197
Low & middle income,0,2021,680564835.2289124
Low & middle income,0,2022,711176586.031105
Low & middle income,0,2023,741788336.8332977
Low & middle income,0,2024,772400087.6354904
Low & middle income,0,2025,803011838.4376831
Low & middle income,0,2026,833623589.2398758
Low & middle income,0,2027,864235340.0420685
Low & middle income,0,2028,894847090.8442612
Lower middle income,0,2018,140394267.29724884
Lower middle income,0,2019,146665375.18138885
Lower middle income,0,2020,152936483.06552887
Lower middle income,0,2021,159207590.94966888
Lower middle income,0,2022,165478698.8338108
Lower middle income,0,2023,171749806.71795082
Lower middle income,0,2024,178020914.60209084
Lower middle income,0,2025,184292022.48623085
Lower middle income,0,2026,190563130.37037086
Lower middle income,0,2027,196834238.25451088
Lower middle income,0,2028,203105346.1386509
Luxembourg,LUX,2018,1903127.2727272809
Luxembourg,LUX,2019,1967663.6363636404
Luxembourg,LUX,2020,2032200.0
Luxembourg,LUX,2021,2096736.3636363745
Luxembourg,LUX,2022,2161272.727272734
Luxembourg,LUX,2023,2225809.0909090936
Luxembourg,LUX,2024,2290345.454545453
Luxembourg,LUX,2025,2354881.8181818277
Luxembourg,LUX,2026,2419418.1818181872
Luxembourg,LUX,2027,2483954.545454547
Luxembourg,LUX,2028,2548490.9090909213
"Macao SAR, China",MAC,2018,1685236.3636364043
"Macao SAR, China",MAC,2019,1785518.181818217
"Macao SAR, China",MAC,2020,1885800.0000000298
"Macao SAR, China",MAC,2021,1986081.8181818426
"Macao SAR, China",MAC,2022,2086363.6363636553
"Macao SAR, China",MAC,2023,2186645.454545468
"Macao SAR, China",MAC,2024,2286927.2727273107
"Macao SAR, China",MAC,2025,2387209.0909091234
"Macao SAR, China",MAC,2026,2487490.909090936
"Macao SAR, China",MAC,2027,2587772.727272749
"Macao SAR, China",MAC,2028,2688054.5454545617
Maldives,MDV,2018,333000.0
Maldives,MDV,2019,354000.0
Maldives,MDV,2020,375000.0
Maldives,MDV,2021,396000.0
Maldives,MDV,2022,417000.0
Maldives,MDV,2023,438000.0
Maldives,MDV,2024,459000.0
Maldives,MDV,2025,480000.0
Maldives,MDV,2026,501000.0
Maldives,MDV,2027,522000.0
Maldives,MDV,2028,543000.0
Malta,MLT,2018,534581.8181818202
Malta,MLT,2019,563209.0909090936
Malta,MLT,2020,591836.3636363596
Malta,MLT,2021,620463.636363633
Malta,MLT,2022,649090.9090909064
Malta,MLT,2023,677718.1818181798
Malta,MLT,2024,706345.4545454532
Malta,MLT,2025,734972.7272727266
Malta,MLT,2026,763600.0
Malta,MLT,2027,792227.2727272734
Malta,MLT,2028,820854.5454545468
Mauritius,MUS,2018,266545.45454545505
Mauritius,MUS,2019,272500.0
Mauritius,MUS,2020,278454.54545454495
Mauritius,MUS,2021,284409.09090909176
Mauritius,MUS,2022,290363.6363636367
Mauritius,MUS,2023,296318.18181818165
Mauritius,MUS,2024,302272.7272727266
Mauritius,MUS,2025,308227.2727272734
Mauritius,MUS,2026,314181.81818181835
Mauritius,MUS,2027,320136.3636363633
Mauritius,MUS,2028,326090.9090909101
Mexico,MEX,2018,20185927.27272725
Mexico,MEX,2019,20797718.181818247
Mexico,MEX,2020,21409509.090909004
Mexico,MEX,2021,22021300.0
Mexico,MEX,2022,22633090.909090757
Mexico,MEX,2023,23244881.818181753
Mexico,MEX,2024,23856672.72727275
Mexico,MEX,2025,24468463.636363506
Mexico,MEX,2026,25080254.545454502
Mexico,MEX,2027,25692045.454545498
Mexico,MEX,2028,26303836.363636255
Middle income,0,2018,519031556.88809204
Middle income,0,2019,545758271.5670319
Middle income,0,2020,572484986.245964
Middle income,0,2021,599211700.9249039
Middle income,0,2022,625938415.603836
Middle income,0,2023,652665130.2827759
Middle income,0,2024,679391844.9617081
Middle income,0,2025,706118559.6406479
Middle income,0,2026,732845274.3195801
Middle income,0,2027,759571988.9985199
Middle income,0,2028,786298703.6774597
Moldova,MDA,2018,230550.0
Moldova,MDA,2019,244940.0
Moldova,MDA,2020,259330.0
Moldova,MDA,2021,273720.0
Moldova,MDA,2022,288110.0
Moldova,MDA,2023,302500.0
Moldova,MDA,2024,316890.0
Moldova,MDA,2025,331280.0
Moldova,MDA,2026,345670.0
Moldova,MDA,2027,360060.0
Moldova,MDA,2028,374450.0
Morocco,MAR,2018,1594636.3636363447
Morocco,MAR,2019,1482727.272727251
Morocco,MAR,2020,1370818.1818181574
Morocco,MAR,2021,1258909.0909090936
Morocco,MAR,2022,1147000.0
Morocco,MAR,2023,1035090.9090909064
Morocco,MAR,2024,923181.8181818128
Morocco,MAR,2025,811272.7272727191
Morocco,MAR,2026,699363.6363636255
Morocco,MAR,2027,587454.5454545319
Morocco,MAR,2028,475545.4545454383
Nepal,NPL,2018,1306095.238095224
Nepal,NPL,2019,1380634.9206348956
Nepal,NPL,2020,1455174.603174597
Nepal,NPL,2021,1529714.2857142687
Nepal,NPL,2022,1604253.9682539403
Nepal,NPL,2023,1678793.6507936418
Nepal,NPL,2024,1753333.3333333135
Nepal,NPL,2025,1827873.015873015
Nepal,NPL,2026,1902412.6984126866
Nepal,NPL,2027,1976952.3809523582
Nepal,NPL,2028,2051492.0634920597
Netherlands,NLD,2018,18130357.575757574
Netherlands,NLD,2019,18121981.818181816
Netherlands,NLD,2020,18113606.06060606
Netherlands,NLD,2021,18105230.3030303
Netherlands,NLD,2022,18096854.545454543
Netherlands,NLD,2023,18088478.787878785
Netherlands,NLD,2024,18080103.03030303
Netherlands,NLD,2025,18071727.272727273
Netherlands,NLD,2026,18063351.515151516
Netherlands,NLD,2027,18054975.757575758
Netherlands,NLD,2028,18046600.0
New Caledonia,NCL,2018,136163.6363636367
New Caledonia,NCL,2019,138327.2727272734
New Caledonia,NCL,2020,140490.90909090918
New Caledonia,NCL,2021,142654.54545454588
New Caledonia,NCL,2022,144818.18181818165
New Caledonia,NCL,2023,146981.81818181835
New Caledonia,NCL,2024,149145.45454545505
New Caledonia,NCL,2025,151309.09090909082
New Caledonia,NCL,2026,153472.72727272753
New Caledonia,NCL,2027,155636.36363636423
New Caledonia,NCL,2028,157800.0
New Zealand,NZL,2018,2720581.8181818128
New Zealand,NZL,2019,2802709.0909090936
New Zealand,NZL,2020,2884836.3636363745
New Zealand,NZL,2021,2966963.6363636255
New Zealand,NZL,2022,3049090.9090909064
New Zealand,NZL,2023,3131218.1818181872
New Zealand,NZL,2024,3213345.454545468
New Zealand,NZL,2025,3295472.727272719
New Zealand,NZL,2026,3377600.0
New Zealand,NZL,2027,3459727.272727281
New Zealand,NZL,2028,3541854.545454532
Nicaragua,NIC,2018,982963.6363636348
Nicaragua,NIC,2019,989381.8181818165
Nicaragua,NIC,2020,995799.9999999981
Nicaragua,NIC,2021,1002218.1818181798
Nicaragua,NIC,2022,1008636.3636363633
Nicaragua,NIC,2023,1015054.545454545
Nicaragua,NIC,2024,1021472.7272727266
Nicaragua,NIC,2025,1027890.9090909082
Nicaragua,NIC,2026,1034309.0909090899
Nicaragua,NIC,2027,1040727.2727272715
Nicaragua,NIC,2028,1047145.4545454532
North America,0,2018,115453686.89373493
North America,0,2019,118399830.15536976
North America,0,2020,121345973.41700459
North America,0,2021,124292116.67864037
North America,0,2022,127238259.94027519
North America,0,2023,130184403.20191002
North America,0,2024,133130546.4635458
North America,0,2025,136076689.72518063
North America,0,2026,139022832.9868164
North America,0,2027,141968976.24845123
North America,0,2028,144915119.51008606
Norway,NOR,2018,9982196.96969688
Norway,NOR,2019,10364285.714285612
Norway,NOR,2020,10746374.458874345
Norway,NOR,2021,11128463.203463078
Norway,NOR,2022,11510551.94805181
Norway,NOR,2023,11892640.692640662
Norway,NOR,2024,12274729.437229395
Norway,NOR,2025,12656818.181818128
Norway,NOR,2026,13038906.92640686
Norway,NOR,2027,13420995.670995593
Norway,NOR,2028,13803084.415584326
OECD members,0,2018,646245500.1421127
OECD members,0,2019,657741157.4951324
OECD members,0,2020,669236814.8481522
OECD members,0,2021,680732472.2011719
OECD members,0,2022,692228129.5541916
OECD members,0,2023,703723786.9072113
OECD members,0,2024,715219444.260231
OECD members,0,2025,726715101.6132507
OECD members,0,2026,738210758.9662704
OECD members,0,2027,749706416.3192902
OECD members,0,2028,761202073.6723099
Oman,OMN,2018,4538327.27272737
Oman,OMN,2019,4808109.090909123
Oman,OMN,2020,5077890.909090996
Oman,OMN,2021,5347672.727272749
Oman,OMN,2022,5617454.545454621
Oman,OMN,2023,5887236.3636363745
Oman,OMN,2024,6157018.181818247
Oman,OMN,2025,6426800.0
Oman,OMN,2026,6696581.818181872
Oman,OMN,2027,6966363.636363745
Oman,OMN,2028,7236145.454545498
Panama,PAN,2018,940527.2727272809
Panama,PAN,2019,1003781.8181818277
Panama,PAN,2020,1067036.3636363745
Panama,PAN,2021,1130290.9090909064
Panama,PAN,2022,1193545.4545454532
Panama,PAN,2023,1256800.0
Panama,PAN,2024,1320054.5454545468
Panama,PAN,2025,1383309.0909090936
Panama,PAN,2026,1446563.6363636404
Panama,PAN,2027,1509818.1818181872
Panama,PAN,2028,1573072.727272734
Paraguay,PRY,2018,1376418.181818217
Paraguay,PRY,2019,1503063.6363636553
Paraguay,PRY,2020,1629709.0909091234
Paraguay,PRY,2021,1756354.5454545617
Paraguay,PRY,2022,1883000.0000000298
Paraguay,PRY,2023,2009645.454545468
Paraguay,PRY,2024,2136290.909090936
Paraguay,PRY,2025,2262936.3636363745
Paraguay,PRY,2026,2389581.8181818426
Paraguay,PRY,2027,2516227.2727273107
Paraguay,PRY,2028,2642872.727272749
Peru,PER,2018,2908218.1818181872
Peru,PER,2019,3010618.1818181872
Peru,PER,2020,3113018.1818181872
Peru,PER,2021,3215418.1818181872
Peru,PER,2022,3317818.1818181872
Peru,PER,2023,3420218.1818181872
Peru,PER,2024,3522618.1818181872
Peru,PER,2025,3625018.1818181872
Peru,PER,2026,3727418.1818181872
Peru,PER,2027,3829818.1818181872
Peru,PER,2028,3932218.1818181872
Philippines,PHL,2018,5560636.559139788
Philippines,PHL,2019,5802913.978494585
Philippines,PHL,2020,6045191.397849441
Philippines,PHL,2021,6287468.817204297
Philippines,PHL,2022,6529746.236559153
Philippines,PHL,2023,6772023.655913949
Philippines,PHL,2024,7014301.075268805
Philippines,PHL,2025,7256578.494623661
Philippines,PHL,2026,7498855.913978457
Philippines,PHL,2027,7741133.333333313
Philippines,PHL,2028,7983410.7526881695
Poland,POL,2018,44028709.090909064
Poland,POL,2019,43868736.363636315
Poland,POL,2020,43708763.636363626
Poland,POL,2021,43548790.90909088
Poland,POL,2022,43388818.18181819
Poland,POL,2023,43228845.45454544
Poland,POL,2024,43068872.72727269
Poland,POL,2025,42908900.0
Poland,POL,2026,42748927.27272725
Poland,POL,2027,42588954.5454545
Poland,POL,2028,42428981.81818181
Portugal,PRT,2018,-3902286.956521988
Portugal,PRT,2019,-5740193.478260994
Portugal,PRT,2020,-7578100.000000477
Portugal,PRT,2021,-9416006.521739483
Portugal,PRT,2022,-11253913.043478489
Portugal,PRT,2023,-13091819.565217972
Portugal,PRT,2024,-14929726.086956978
Portugal,PRT,2025,-16767632.608695984
Portugal,PRT,2026,-18605539.13043499
Portugal,PRT,2027,-20443445.652174473
Portugal,PRT,2028,-22281352.17391348
Post-demographic dividend,0,2018,692983130.2639275
Post-demographic dividend,0,2019,706115167.5316429
Post-demographic dividend,0,2020,719247204.7993584
Post-demographic dividend,0,2021,732379242.0670776
Post-demographic dividend,0,2022,745511279.3347931
Post-demographic dividend,0,2023,758643316.6025085
Post-demographic dividend,0,2024,771775353.8702278
Post-demographic dividend,0,2025,784907391.1379433
Post-demographic dividend,0,2026,798039428.4056587
Post-demographic dividend,0,2027,811171465.673378
Post-demographic dividend,0,2028,824303502.9410934
Puerto Rico,PRI,2018,571636.3636363745
Puerto Rico,PRI,2019,504272.72727274895
Puerto Rico,PRI,2020,436909.0909090936
Puerto Rico,PRI,2021,369545.4545454681
Puerto Rico,PRI,2022,302181.81818181276
Puerto Rico,PRI,2023,234818.18181818724
Puerto Rico,PRI,2024,167454.5454545617
Puerto Rico,PRI,2025,100090.90909090638
Puerto Rico,PRI,2026,32727.272727280855
Puerto Rico,PRI,2027,-34636.36363634467
Puerto Rico,PRI,2028,-102000.0
Romania,ROM,2018,16392818.181818247
Romania,ROM,2019,16979090.909090996
Romania,ROM,2020,17565363.636363745
Romania,ROM,2021,18151636.363636255
Romania,ROM,2022,18737909.090909004
Romania,ROM,2023,19324181.818181753
Romania,ROM,2024,19910454.545454502
Romania,ROM,2025,20496727.27272725
Romania,ROM,2026,21083000.0
Romania,ROM,2027,21669272.72727275
Romania,ROM,2028,22255545.454545498
Russian Federation,RUS,2018,41877963.63636351
Russian Federation,RUS,2019,42164336.363636255
Russian Federation,RUS,2020,42450709.090909004
Russian Federation,RUS,2021,42737081.81818175
Russian Federation,RUS,2022,43023454.5454545
Russian Federation,RUS,2023,43309827.27272725
Russian Federation,RUS,2024,43596199.99999988
Russian Federation,RUS,2025,43882572.72727263
Russian Federation,RUS,2026,44168945.45454538
Russian Federation,RUS,2027,44455318.18181813
Russian Federation,RUS,2028,44741690.90909088
Samoa,WSM,2018,56558.4415584415
Samoa,WSM,2019,57051.948051947984
Samoa,WSM,2020,57545.45454545459
Samoa,WSM,2021,58038.961038961075
Samoa,WSM,2022,58532.46753246756
Samoa,WSM,2023,59025.97402597405
Samoa,WSM,2024,59519.48051948054
Samoa,WSM,2025,60012.987012987025
Samoa,WSM,2026,60506.49350649351
Samoa,WSM,2027,61000.0
Samoa,WSM,2028,61493.50649350649
Saudi Arabia,SAU,2018,26487267.454545498
Saudi Arabia,SAU,2019,28354845.81818199
Saudi Arabia,SAU,2020,30222424.181818485
Saudi Arabia,SAU,2021,32090002.545454502
Saudi Arabia,SAU,2022,33957580.909090996
Saudi Arabia,SAU,2023,35825159.27272749
Saudi Arabia,SAU,2024,37692737.63636398
Saudi Arabia,SAU,2025,39560316.0
Saudi Arabia,SAU,2026,41427894.36363649
Saudi Arabia,SAU,2027,43295472.72727299
Saudi Arabia,SAU,2028,45163051.090909004
Seychelles,SYC,2018,62799.999999999534
Seychelles,SYC,2019,64054.54545454495
Seychelles,SYC,2020,65309.09090909036
Seychelles,SYC,2021,66563.63636363624
Seychelles,SYC,2022,67818.18181818165
Seychelles,SYC,2023,69072.72727272706
Seychelles,SYC,2024,70327.27272727247
Seychelles,SYC,2025,71581.81818181789
Seychelles,SYC,2026,72836.3636363633
Seychelles,SYC,2027,74090.90909090871
Seychelles,SYC,2028,75345.45454545412
Sierra Leone,SLE,2018,97806.06060606055
Sierra Leone,SLE,2019,99745.45454545459
Sierra Leone,SLE,2020,101684.84848484863
Sierra Leone,SLE,2021,103624.24242424266
Sierra Leone,SLE,2022,105563.63636363624
Sierra Leone,SLE,2023,107503.03030303027
Sierra Leone,SLE,2024,109442.42424242431
Sierra Leone,SLE,2025,111381.81818181835
Sierra Leone,SLE,2026,113321.21212121239
Sierra Leone,SLE,2027,115260.60606060596
Sierra Leone,SLE,2028,117200.0
Singapore,SGP,2018,10294927.27272737
Singapore,SGP,2019,10662354.545454621
Singapore,SGP,2020,11029781.818181872
Singapore,SGP,2021,11397209.090909123
Singapore,SGP,2022,11764636.363636374
Singapore,SGP,2023,12132063.636363626
Singapore,SGP,2024,12499490.909090996
Singapore,SGP,2025,12866918.181818247
Singapore,SGP,2026,13234345.454545498
Singapore,SGP,2027,13601772.727272749
Singapore,SGP,2028,13969200.0
Slovak Republic,SVK,2018,2817872.727272734
Slovak Republic,SVK,2019,2780563.6363636404
Slovak Republic,SVK,2020,2743254.545454547
Slovak Republic,SVK,2021,2705945.454545453
Slovak Republic,SVK,2022,2668636.3636363596
Slovak Republic,SVK,2023,2631327.272727266
Slovak Republic,SVK,2024,2594018.1818181872
Slovak Republic,SVK,2025,2556709.0909090936
Slovak Republic,SVK,2026,2519400.0
Slovak Republic,SVK,2027,2482090.9090909064
Slovak Republic,SVK,2028,2444781.8181818128
Slovenia,SVN,2018,2932363.6363636404
Slovenia,SVN,2019,2972636.3636363596
Slovenia,SVN,2020,3012909.0909090936
Slovenia,SVN,2021,3053181.8181818128
Slovenia,SVN,2022,3093454.545454547
Slovenia,SVN,2023,3133727.272727266
Slovenia,SVN,2024,3174000.0
Slovenia,SVN,2025,3214272.727272719
Slovenia,SVN,2026,3254545.454545453
Slovenia,SVN,2027,3294818.1818181872
Slovenia,SVN,2028,3335090.9090909064
South Asia,0,2018,33370442.767632008
South Asia,0,2019,35160431.36841822
South Asia,0,2020,36950419.969204426
South Asia,0,2021,38740408.569990635
South Asia,0,2022,40530397.170776844
South Asia,0,2023,42320385.77156258
South Asia,0,2024,44110374.372348785
South Asia,0,2025,45900362.973134995
South Asia,0,2026,47690351.5739212
South Asia,0,2027,49480340.17470741
South Asia,0,2028,51270328.77549362
South Asia (IDA & IBRD),0,2018,33370442.767632008
South Asia (IDA & IBRD),0,2019,35160431.36841822
South Asia (IDA & IBRD),0,2020,36950419.969204426
South Asia (IDA & IBRD),0,2021,38740408.569990635
South Asia (IDA & IBRD),0,2022,40530397.170776844
South Asia (IDA & IBRD),0,2023,42320385.77156258
South Asia (IDA & IBRD),0,2024,44110374.372348785
South Asia (IDA & IBRD),0,2025,45900362.973134995
South Asia (IDA & IBRD),0,2026,47690351.5739212
South Asia (IDA & IBRD),0,2027,49480340.17470741
South Asia (IDA & IBRD),0,2028,51270328.77549362
Spain,ESP,2018,15650509.090909123
Spain,ESP,2019,16099200.0
Spain,ESP,2020,16547890.909090877
Spain,ESP,2021,16996581.818181872
Spain,ESP,2022,17445272.72727275
Spain,ESP,2023,17893963.636363626
Spain,ESP,2024,18342654.545454502
Spain,ESP,2025,18791345.454545498
Spain,ESP,2026,19240036.363636374
Spain,ESP,2027,19688727.27272725
Spain,ESP,2028,20137418.181818247
Sri Lanka,LKA,2018,1552072.727272734
Sri Lanka,LKA,2019,1610190.9090909213
Sri Lanka,LKA,2020,1668309.0909090936
Sri Lanka,LKA,2021,1726427.2727272809
Sri Lanka,LKA,2022,1784545.4545454532
Sri Lanka,LKA,2023,1842663.6363636404
Sri Lanka,LKA,2024,1900781.8181818277
Sri Lanka,LKA,2025,1958900.0
Sri Lanka,LKA,2026,2017018.1818181872
Sri Lanka,LKA,2027,2075136.3636363745
Sri Lanka,LKA,2028,2133254.545454547
Sweden,SWE,2018,21037243.386243343
Sweden,SWE,2019,21918400.352733612
Sweden,SWE,2020,22799557.31922388
Sweden,SWE,2021,23680714.28571415
Sweden,SWE,2022,24561871.252204657
Sweden,SWE,2023,25443028.218694925
Sweden,SWE,2024,26324185.185185194
Sweden,SWE,2025,27205342.151675463
Sweden,SWE,2026,28086499.11816573
Sweden,SWE,2027,28967656.084656
Sweden,SWE,2028,29848813.05114627
Switzerland,CHE,2018,15046466.666666627
Switzerland,CHE,2019,15566333.333333254
Switzerland,CHE,2020,16086200.0
Switzerland,CHE,2021,16606066.666666627
Switzerland,CHE,2022,17125933.333333254
Switzerland,CHE,2023,17645800.0
Switzerland,CHE,2024,18165666.666666627
Switzerland,CHE,2025,18685533.333333254
Switzerland,CHE,2026,19205400.0
Switzerland,CHE,2027,19725266.666666627
Switzerland,CHE,2028,20245133.333333254
Syrian Arab Republic,SYR,2018,11074200.0
Syrian Arab Republic,SYR,2019,11689300.0
Syrian Arab Republic,SYR,2020,12304400.0
Syrian Arab Republic,SYR,2021,12919500.0
Syrian Arab Republic,SYR,2022,13534600.0
Syrian Arab Republic,SYR,2023,14149700.0
Syrian Arab Republic,SYR,2024,14764800.0
Syrian Arab Republic,SYR,2025,15379900.0
Syrian Arab Republic,SYR,2026,15995000.0
Syrian Arab Republic,SYR,2027,16610100.0
Syrian Arab Republic,SYR,2028,17225200.0
Tajikistan,TJK,2018,29466.666666666977
Tajikistan,TJK,2019,32266.666666666977
Tajikistan,TJK,2020,35066.66666666698
Tajikistan,TJK,2021,37866.66666666698
Tajikistan,TJK,2022,40666.66666666698
Tajikistan,TJK,2023,43466.66666666698
Tajikistan,TJK,2024,46266.66666666698
Tajikistan,TJK,2025,49066.66666666698
Tajikistan,TJK,2026,51866.66666666698
Tajikistan,TJK,2027,54666.66666666698
Tajikistan,TJK,2028,57466.66666666698
Thailand,THA,2018,8732509.090909123
Thailand,THA,2019,9195154.545454621
Thailand,THA,2020,9657800.0
Thailand,THA,2021,10120445.454545498
Thailand,THA,2022,10583090.909090877
Thailand,THA,2023,11045736.363636374
Thailand,THA,2024,11508381.818181872
Thailand,THA,2025,11971027.272727251
Thailand,THA,2026,12433672.727272749
Thailand,THA,2027,12896318.181818247
Thailand,THA,2028,13358963.636363626
Trinidad and Tobago,TTO,2018,297000.0
Trinidad and Tobago,TTO,2019,300000.0
Trinidad and Tobago,TTO,2020,303000.0
Trinidad and Tobago,TTO,2021,306000.0
Trinidad and Tobago,TTO,2022,309000.0
Trinidad and Tobago,TTO,2023,312000.0
Trinidad and Tobago,TTO,2024,315000.0
Trinidad and Tobago,TTO,2025,318000.0
Trinidad and Tobago,TTO,2026,321000.0
Trinidad and Tobago,TTO,2027,324000.0
Trinidad and Tobago,TTO,2028,327000.0
Tunisia,TUN,2018,2115600.0
Tunisia,TUN,2019,2047316.1290322542
Tunisia,TUN,2020,1979032.2580645084
Tunisia,TUN,2021,1910748.3870967925
Tunisia,TUN,2022,1842464.5161290467
Tunisia,TUN,2023,1774180.645161301
Tunisia,TUN,2024,1705896.7741935551
Tunisia,TUN,2025,1637612.9032258093
Tunisia,TUN,2026,1569329.0322580636
Tunisia,TUN,2027,1501045.1612903178
Tunisia,TUN,2028,1432761.290322572
Turkey,TUR,2018,9298090.909090877
Turkey,TUR,2019,9710045.454545379
Turkey,TUR,2020,10122000.0
Turkey,TUR,2021,10533954.545454502
Turkey,TUR,2022,10945909.090909123
Turkey,TUR,2023,11357863.636363626
Turkey,TUR,2024,11769818.181818128
Turkey,TUR,2025,12181772.727272749
Turkey,TUR,2026,12593727.272727251
Turkey,TUR,2027,13005681.818181753
Turkey,TUR,2028,13417636.363636374
Turkmenistan,TKM,2018,38000.0
Turkmenistan,TKM,2019,38000.0
Turkmenistan,TKM,2020,38000.0
Turkmenistan,TKM,2021,38000.0
Turkmenistan,TKM,2022,38000.0
Turkmenistan,TKM,2023,38000.0
Turkmenistan,TKM,2024,38000.0
Turkmenistan,TKM,2025,38000.0
Turkmenistan,TKM,2026,38000.0
Turkmenistan,TKM,2027,38000.0
Turkmenistan,TKM,2028,38000.0
Tuvalu,TUV,2018,1575.0
Tuvalu,TUV,2019,1500.0
Tuvalu,TUV,2020,1425.0
Tuvalu,TUV,2021,1350.0
Tuvalu,TUV,2022,1275.0
Tuvalu,TUV,2023,1200.0
Tuvalu,TUV,2024,1125.0
Tuvalu,TUV,2025,1050.0
Tuvalu,TUV,2026,975.0
Tuvalu,TUV,2027,900.0
Tuvalu,TUV,2028,825.0
Uganda,UGA,2018,632321.2121212184
Uganda,UGA,2019,665709.0909090936
Uganda,UGA,2020,699096.9696969688
Uganda,UGA,2021,732484.848484844
Uganda,UGA,2022,765872.727272734
Uganda,UGA,2023,799260.6060606092
Uganda,UGA,2024,832648.4848484844
Uganda,UGA,2025,866036.3636363596
Uganda,UGA,2026,899424.2424242496
Uganda,UGA,2027,932812.1212121248
Uganda,UGA,2028,966200.0
Ukraine,UKR,2018,27188036.363636494
Ukraine,UKR,2019,28279981.81818199
Ukraine,UKR,2020,29371927.27272749
Ukraine,UKR,2021,30463872.72727251
Ukraine,UKR,2022,31555818.18181801
Ukraine,UKR,2023,32647763.636363506
Ukraine,UKR,2024,33739709.090909004
Ukraine,UKR,2025,34831654.5454545
Ukraine,UKR,2026,35923600.0
Ukraine,UKR,2027,37015545.4545455
Ukraine,UKR,2028,38107490.909090996
United Kingdom,GBR,2018,66540363.636363745
United Kingdom,GBR,2019,67106045.4545455
United Kingdom,GBR,2020,67671727.27272725
United Kingdom,GBR,2021,68237409.09090924
United Kingdom,GBR,2022,68803090.909091
United Kingdom,GBR,2023,69368772.72727275
United Kingdom,GBR,2024,69934454.5454545
United Kingdom,GBR,2025,70500136.3636365
United Kingdom,GBR,2026,71065818.18181825
United Kingdom,GBR,2027,71631500.0
United Kingdom,GBR,2028,72197181.81818199
United States,USA,2018,80429527.27272654
United States,USA,2019,82585236.36363554
United States,USA,2020,84740945.45454454
United States,USA,2021,86896654.5454545
United States,USA,2022,89052363.6363635
United States,USA,2023,91208072.72727251
United States,USA,2024,93363781.81818151
United States,USA,2025,95519490.90909052
United States,USA,2026,97675199.99999952
United States,USA,2027,99830909.09090853
United States,USA,2028,101986618.18181753
Upper middle income,0,2018,348316309.2173004
Upper middle income,0,2019,366797897.1653595
Upper middle income,0,2020,385279485.1134186
Upper middle income,0,2021,403761073.06147766
Upper middle income,0,2022,422242661.00953674
Upper middle income,0,2023,440724248.9575958
Upper middle income,0,2024,459205836.9056549
Upper middle income,0,2025,477687424.853714
Upper middle income,0,2026,496169012.8017731
Upper middle income,0,2027,514650600.74983215
Upper middle income,0,2028,533132188.69789124
Uruguay,URY,2018,2489200.0
Uruguay,URY,2019,2646945.4545454383
Uruguay,URY,2020,2804690.9090908766
Uruguay,URY,2021,2962436.3636363745
Uruguay,URY,2022,3120181.8181818128
Uruguay,URY,2023,3277927.272727251
Uruguay,URY,2024,3435672.7272726893
Uruguay,URY,2025,3593418.1818181872
Uruguay,URY,2026,3751163.6363636255
Uruguay,URY,2027,3908909.090909064
Uruguay,URY,2028,4066654.5454545617
Vanuatu,VUT,2018,29490.909090909176
Vanuatu,VUT,2019,30572.727272727527
Vanuatu,VUT,2020,31654.545454545412
Vanuatu,VUT,2021,32736.363636363763
Vanuatu,VUT,2022,33818.18181818165
Vanuatu,VUT,2023,34900.0
Vanuatu,VUT,2024,35981.81818181835
Vanuatu,VUT,2025,37063.63636363624
Vanuatu,VUT,2026,38145.45454545459
Vanuatu,VUT,2027,39227.27272727294
Vanuatu,VUT,2028,40309.090909090824
"Venezuela, RB",0,2018,1450454.5454545543
"Venezuela, RB",0,2019,1428500.0000000075
"Venezuela, RB",0,2020,1406545.4545454606
"Venezuela, RB",0,2021,1384590.9090909138
"Venezuela, RB",0,2022,1362636.363636367
"Venezuela, RB",0,2023,1340681.8181818202
"Venezuela, RB",0,2024,1318727.2727272809
"Venezuela, RB",0,2025,1296772.727272734
"Venezuela, RB",0,2026,1274818.1818181872
"Venezuela, RB",0,2027,1252863.6363636404
"Venezuela, RB",0,2028,1230909.0909090936
World,0,2018,1563398190.0675964
World,0,2019,1613469268.0800934
World,0,2020,1663540346.0925903
World,0,2021,1713611424.105072
World,0,2022,1763682502.117569
World,0,2023,1813753580.130066
World,0,2024,1863824658.1425629
World,0,2025,1913895736.1550446
World,0,2026,1963966814.1675415
World,0,2027,2014037892.1800385
World,0,2028,2064108970.1925354
Zimbabwe,ZWE,2018,3779763.6363636255
Zimbabwe,ZWE,2019,4117072.727272749
Zimbabwe,ZWE,2020,4454381.818181872
Zimbabwe,ZWE,2021,4791690.909090877
Zimbabwe,ZWE,2022,5129000.0
Zimbabwe,ZWE,2023,5466309.090909123
Zimbabwe,ZWE,2024,5803618.181818247
Zimbabwe,ZWE,2025,6140927.272727251
Zimbabwe,ZWE,2026,6478236.3636363745
Zimbabwe,ZWE,2027,6815545.454545498
Zimbabwe,ZWE,2028,7152854.545454502
